"ptID","posiSelf","posiOther","dEvSelf","dEvOther","aEvSelf","aEvOther","alphaPrec","genLR","repLR","wp0","wAttr","mem","LL"
660001.000000,0.624513,0.754651,15.598067,15.598067,2.000000,2.000000,10.653169,0.100005,0.332455,0.237451,4.421557,0.999001,-55.921446
660002.000000,0.699409,0.687083,17.289499,17.289499,1.999996,1.999996,7.593765,0.100000,0.268299,0.774475,5.694766,0.998995,-51.712883
660003.000000,0.820712,0.736454,7.743849,7.743849,1.999996,1.999996,6.930036,0.100002,0.130426,0.519412,6.997309,0.998995,-59.535919
