"ptID","posiSelf","posiOther","dEvSelf","dEvOther","aEvSelf","aEvOther","alphaPrec","genLR","repLR","wp0","wAttr","mem","LL"
660001.000000,0.508750,1.123571,2.747147,2.747147,0.693147,0.693147,2.365857,-2.197174,-0.697102,0.237451,4.421557,6.908026,-55.921446
660002.000000,0.844485,0.786515,2.850099,2.850099,0.693145,0.693145,2.027328,-2.197226,-1.003269,0.774475,5.694766,6.901589,-51.712883
660003.000000,1.521180,1.027620,2.046899,2.046899,0.693145,0.693145,1.935865,-2.197205,-1.897200,0.519412,6.997309,6.901994,-59.535919
